{
    "HUDOverlay": true,
    "overlayHand": 1,
    "LeftHandOverlay": {
        "Position": {
            "x": -0.06499999761581421,
            "y": -0.05999999865889549,
            "z": -0.07000000029802323
        },
        "Rotation": {
            "x": 0.0,
            "y": -90.0,
            "z": 177.89999389648438
        },
        "Scale": {
            "x": 0.07999999821186066,
            "y": 0.07999999821186066,
            "z": 0.07999999821186066
        },
        "width": 1.2999999523162842,
        "alpha": 0.800000011920929
    },
    "RightHandOverlay": {
        "Position": {
            "x": 0.06499999761581421,
            "y": -0.05999999865889549,
            "z": -0.07000000029802323
        },
        "Rotation": {
            "x": 0.0,
            "y": 90.0,
            "z": 177.89999389648438
        },
        "Scale": {
            "x": 0.07999999821186066,
            "y": 0.07999999821186066,
            "z": 0.07999999821186066
        },
        "width": 1.2999999523162842,
        "alpha": 0.800000011920929
    }
}